<?xml version="1.0" encoding="UTF-8"?>
<beans:beans xmlns="http://www.springframework.org/schema/security"
    xmlns:beans="http://www.springframework.org/schema/beans"
    xmlns:xsi="http://www.w3.org/2001/XMLSchema-instance"
    xsi:schemaLocation="http://www.springframework.org/schema/beans 
    http://www.springframework.org/schema/beans/spring-beans.xsd
                        http://www.springframework.org/schema/security 
			http://www.springframework.org/schema/security/spring-security.xsd">
    <http use-expressions="true">
        <intercept-url pattern="/landingpage.jsf" access="isAuthenticated()" />
        <intercept-url pattern="/**" access="permitAll()" />
        <form-login login-page="/checkuser.jsf" />
        <logout />
    </http>
    <authentication-manager>
        <authentication-provider>
            <user-service>
                <user name="admin" password="packt" 
		authorities="ROLE_SUPERVISOR, ROLE_USER, ROLE_TELLER" />
            </user-service>
        </authentication-provider>
    </authentication-manager>
</beans:beans>
